dont want,0.6153494022455013,0.6153494022455013
want take,0.6153494022455013,0.6153494022455013
take risk,0.6153494022455013,0.6153494022455013
pleas tell,0.6153494022455013,0.6153494022455013
deactiv app,0.6153494022455013,0.6153494022455013
theme set,0.5768900646051575,0.5768900646051575
set save,0.5768900646051575,0.5768900646051575
save perman,0.5768900646051575,0.5768900646051575
perman close,0.5768900646051575,0.5768900646051575
app make,0.5768900646051575,0.5768900646051575
make stay,0.5768900646051575,0.5768900646051575
stay perman,0.5768900646051575,0.5768900646051575
whi 's,0.5768900646051575,0.5768900646051575
's alway,0.5768900646051575,0.5768900646051575
alway error,0.5768900646051575,0.5768900646051575
error upload,0.5768900646051575,0.5768900646051575
upload video,0.5768900646051575,0.5768900646051575
video videopress,0.5768900646051575,0.5768900646051575
videopress error,0.5768900646051575,0.5768900646051575
error everytim,0.5768900646051575,0.5768900646051575
fail save,0.5429553549225011,0.5429553549225011
file edit,0.5429553549225011,0.5429553549225011
bug found,0.461512051684126,0.461512051684126
found wire,0.461512051684126,0.461512051684126
wire app,0.461512051684126,0.461512051684126
get messag,0.461512051684126,0.461512051684126
pleas login,0.461512051684126,0.461512051684126
login use,0.461512051684126,0.461512051684126
use usernam,0.461512051684126,0.461512051684126
usernam instead,0.461512051684126,0.461512051684126
instead well,0.461512051684126,0.461512051684126
well suppos,0.461512051684126,0.461512051684126
suppos 's,0.461512051684126,0.461512051684126
freez zoom,0.4195564106219327,0.4195564106219327
zoom onli,0.4195564106219327,0.4195564106219327
onli show,0.4195564106219327,0.4195564106219327
show littl,0.4195564106219327,0.4195564106219327
littl squar,0.4195564106219327,0.4195564106219327
squar map,0.4195564106219327,0.4195564106219327
map compass,0.4195564106219327,0.4195564106219327
compass freez,0.4195564106219327,0.4195564106219327
freez doe,0.4195564106219327,0.4195564106219327
doe chang,0.4195564106219327,0.4195564106219327
chang direct,0.4195564106219327,0.4195564106219327
black screen,0.4195564106219327,0.4195564106219327
get voic,0.4195564106219327,0.4195564106219327
voic navig,0.4195564106219327,0.4195564106219327
navig work,0.4195564106219327,0.4195564106219327
crash tri,0.38459337640343827,0.38459337640343827
open realli,0.38459337640343827,0.38459337640343827
realli excit,0.38459337640343827,0.38459337640343827
excit tri,0.38459337640343827,0.38459337640343827
tri someth,0.38459337640343827,0.38459337640343827
someth new,0.38459337640343827,0.38459337640343827
new search,0.38459337640343827,0.38459337640343827
search altern,0.38459337640343827,0.38459337640343827
altern googl,0.38459337640343827,0.38459337640343827
googl hangout,0.38459337640343827,0.38459337640343827
map dont,0.38459337640343827,0.38459337640343827
dont work,0.38459337640343827,0.38459337640343827
use fantast,0.38459337640343827,0.38459337640343827
fantast without,0.38459337640343827,0.38459337640343827
without main,0.38459337640343827,0.38459337640343827
main part,0.38459337640343827,0.38459337640343827
part app,0.38459337640343827,0.38459337640343827
app redund,0.38459337640343827,0.38459337640343827
realli good,0.38459337640343827,0.38459337640343827
good start,0.38459337640343827,0.38459337640343827
start stop,0.38459337640343827,0.38459337640343827
stop everytim,0.38459337640343827,0.38459337640343827
everytim tri,0.38459337640343827,0.38459337640343827
open never,0.38459337640343827,0.38459337640343827
never open,0.38459337640343827,0.38459337640343827
open 'm,0.38459337640343827,0.38459337640343827
'm afraid,0.38459337640343827,0.38459337640343827
afraid lose,0.38459337640343827,0.38459337640343827
lose photo,0.38459337640343827,0.38459337640343827
disapoint use,0.38459337640343827,0.38459337640343827
use use,0.38459337640343827,0.38459337640343827
use io,0.38459337640343827,0.38459337640343827
io download,0.38459337640343827,0.38459337640343827
map sinc,0.38459337640343827,0.38459337640343827
sinc updat,0.38459337640343827,0.38459337640343827
updat tri,0.38459337640343827,0.38459337640343827
tri android,0.38459337640343827,0.38459337640343827
android still,0.38459337640343827,0.38459337640343827
still download,0.38459337640343827,0.38459337640343827
may may,0.38459337640343827,0.38459337640343827
may say,0.38459337640343827,0.38459337640343827
say text,0.38459337640343827,0.38459337640343827
text doe,0.38459337640343827,0.38459337640343827
doe wrap,0.38459337640343827,0.38459337640343827
wrap around,0.38459337640343827,0.38459337640343827
around zoom,0.38459337640343827,0.38459337640343827
zoom opera,0.38459337640343827,0.38459337640343827
opera doe,0.38459337640343827,0.38459337640343827
doe realli,0.38459337640343827,0.38459337640343827
realli well,0.38459337640343827,0.38459337640343827
well useless,0.38459337640343827,0.38459337640343827
remind work,0.3692096413473008,0.3692096413473008
card deck,0.35500927052625075,0.35500927052625075
download work,0.35500927052625075,0.35500927052625075
work anymor,0.35500927052625075,0.35500927052625075
anymor reason,0.35500927052625075,0.35500927052625075
reason download,0.35500927052625075,0.35500927052625075
offlin listen,0.35500927052625075,0.35500927052625075
listen stop,0.35500927052625075,0.35500927052625075
stop work,0.35500927052625075,0.35500927052625075
work stream,0.35500927052625075,0.35500927052625075
stream still,0.35500927052625075,0.35500927052625075
still work,0.35500927052625075,0.35500927052625075
work ani,0.35500927052625075,0.35500927052625075
ani idea,0.35500927052625075,0.35500927052625075
absolut terribl,0.35500927052625075,0.35500927052625075
terribl rout,0.35500927052625075,0.35500927052625075
rout estim,0.35500927052625075,0.35500927052625075
estim time,0.35500927052625075,0.35500927052625075
time think,0.35500927052625075,0.35500927052625075
think app,0.35500927052625075,0.35500927052625075
doe faintest,0.35500927052625075,0.35500927052625075
faintest clue,0.35500927052625075,0.35500927052625075
clue traffic,0.35500927052625075,0.35500927052625075
traffic light,0.35500927052625075,0.35500927052625075
light speed,0.35500927052625075,0.35500927052625075
speed limit,0.35500927052625075,0.35500927052625075
happen app,0.35500927052625075,0.35500927052625075
great sinc,0.35500927052625075,0.35500927052625075
sinc last,0.35500927052625075,0.35500927052625075
last updat,0.35500927052625075,0.35500927052625075
updat perman,0.35500927052625075,0.35500927052625075
perman frozen,0.35500927052625075,0.35500927052625075
frozen comment,0.35500927052625075,0.35500927052625075
comment tab,0.35500927052625075,0.35500927052625075
tab unabl,0.35500927052625075,0.35500927052625075
unabl anyth,0.35500927052625075,0.35500927052625075
well stop,0.32965146548866137,0.32965146548866137
stop abl,0.32965146548866137,0.32965146548866137
abl move,0.32965146548866137,0.32965146548866137
move file,0.32965146548866137,0.32965146548866137
file across,0.32965146548866137,0.32965146548866137
across phone,0.32965146548866137,0.32965146548866137
phone keep,0.32965146548866137,0.32965146548866137
say 's,0.32965146548866137,0.32965146548866137
's permiss,0.32965146548866137,0.32965146548866137
permiss extern,0.32965146548866137,0.32965146548866137
extern storag,0.32965146548866137,0.32965146548866137
storag access,0.32965146548866137,0.32965146548866137
show pictur,0.32965146548866137,0.32965146548866137
pictur select,0.32965146548866137,0.32965146548866137
select galleri,0.32965146548866137,0.32965146548866137
galleri grey,0.32965146548866137,0.32965146548866137
grey screen,0.32965146548866137,0.32965146548866137
screen thank,0.32965146548866137,0.32965146548866137
thank respons,0.32965146548866137,0.32965146548866137
respons would,0.32965146548866137,0.32965146548866137
would like,0.32965146548866137,0.32965146548866137
like english,0.32965146548866137,0.32965146548866137
english pleas,0.32965146548866137,0.32965146548866137
navig darn,0.32965146548866137,0.32965146548866137
darn navig,0.32965146548866137,0.32965146548866137
navig doe,0.32965146548866137,0.32965146548866137
work click,0.32965146548866137,0.32965146548866137
click navig,0.32965146548866137,0.32965146548866137
navig ask,0.32965146548866137,0.32965146548866137
ask applic,0.32965146548866137,0.32965146548866137
applic use,0.32965146548866137,0.32965146548866137
use complet,0.32965146548866137,0.32965146548866137
complet action,0.32965146548866137,0.32965146548866137
action utter,0.32965146548866137,0.32965146548866137
utter useless,0.32965146548866137,0.32965146548866137
useless note2,0.32965146548866137,0.32965146548866137
app sudden,0.32965146548866137,0.32965146548866137
sudden start,0.32965146548866137,0.32965146548866137
start spam,0.32965146548866137,0.32965146548866137
spam great,0.32965146548866137,0.32965146548866137
great experi,0.32965146548866137,0.32965146548866137
experi app,0.32965146548866137,0.32965146548866137
app travel,0.32965146548866137,0.32965146548866137
travel got,0.32965146548866137,0.32965146548866137
got spam,0.32965146548866137,0.32965146548866137
spam notif,0.32965146548866137,0.32965146548866137
notif avail,0.32965146548866137,0.32965146548866137
avail languag,0.32965146548866137,0.32965146548866137
languag uninstal,0.32965146548866137,0.32965146548866137
updat app,0.32965146548866137,0.32965146548866137
app keep,0.32965146548866137,0.32965146548866137
keep stop,0.32965146548866137,0.32965146548866137
stop samsung,0.32965146548866137,0.32965146548866137
samsung s7,0.32965146548866137,0.32965146548866137
s7 pleas,0.32965146548866137,0.32965146548866137
pleas check,0.32965146548866137,0.32965146548866137
check app,0.32965146548866137,0.32965146548866137
great star,0.32965146548866137,0.32965146548866137
star issu,0.32965146548866137,0.32965146548866137
issu resolv,0.32965146548866137,0.32965146548866137
resolv thank,0.32965146548866137,0.32965146548866137
blog post,0.32965146548866137,0.32965146548866137
messag pleas,0.3268311113567762,0.3921973336281315
risk say,0.30767470112275064,0.30767470112275064
say activc,0.30767470112275064,0.30767470112275064
activc administr,0.30767470112275064,0.30767470112275064
administr say,0.30767470112275064,0.30767470112275064
say eras,0.30767470112275064,0.30767470112275064
eras data,0.30767470112275064,0.30767470112275064
data without,0.30767470112275064,0.30767470112275064
without warn,0.30767470112275064,0.30767470112275064
warn dont,0.30767470112275064,0.30767470112275064
want unistal,0.30767470112275064,0.30767470112275064
unistal pleas,0.30767470112275064,0.30767470112275064
tell unistal,0.30767470112275064,0.30767470112275064
unistal app,0.30767470112275064,0.30767470112275064
app displa,0.30767470112275064,0.30767470112275064
displa messag,0.30767470112275064,0.30767470112275064
pleas deactiv,0.30767470112275064,0.30767470112275064
first pleas,0.30767470112275064,0.30767470112275064
tell deactiv,0.30767470112275064,0.30767470112275064
work app,0.30572816846671325,0.5860847046955249
download offlin,0.3016902566370242,0.3016902566370242
work great,0.3016902566370242,0.3016902566370242
close app,0.29540504295708614,0.4902466670351643
repli sd,0.28844503230257873,0.28844503230257873
card intern,0.28844503230257873,0.28844503230257873
intern storag,0.28844503230257873,0.28844503230257873
storag reproduc,0.28844503230257873,0.28844503230257873
reproduc issu,0.28844503230257873,0.28844503230257873
issu becaus,0.28844503230257873,0.28844503230257873
becaus folder,0.28844503230257873,0.28844503230257873
folder gone,0.28844503230257873,0.28844503230257873
gone let,0.28844503230257873,0.28844503230257873
let alon,0.28844503230257873,0.28844503230257873
alon get,0.28844503230257873,0.28844503230257873
get folder,0.28844503230257873,0.28844503230257873
folder file,0.28844503230257873,0.28844503230257873
name thank,0.28844503230257873,0.28844503230257873
blog entri,0.28844503230257873,0.28844503230257873
work well,0.28014095259152244,0.28014095259152244
keep say,0.28014095259152244,0.28014095259152244
doe show,0.28014095259152244,0.28014095259152244
's amaz,0.27147767746125057,0.27147767746125057
amaz wallpap,0.27147767746125057,0.27147767746125057
wallpap app,0.27147767746125057,0.27147767746125057
app unfortun,0.27147767746125057,0.27147767746125057
unfortun author,0.27147767746125057,0.27147767746125057
author seem,0.27147767746125057,0.27147767746125057
seem updat,0.27147767746125057,0.27147767746125057
updat wallpap,0.27147767746125057,0.27147767746125057
wallpap keep,0.27147767746125057,0.27147767746125057
keep get,0.27147767746125057,0.27147767746125057
stuck imag,0.27147767746125057,0.27147767746125057
imag without,0.27147767746125057,0.27147767746125057
without ever,0.27147767746125057,0.27147767746125057
ever swap,0.27147767746125057,0.27147767746125057
swap bother,0.27147767746125057,0.27147767746125057
bother android,0.27147767746125057,0.27147767746125057
ca import,0.27147767746125057,0.27147767746125057
import deck,0.27147767746125057,0.27147767746125057
deck download,0.27147767746125057,0.27147767746125057
download deck,0.27147767746125057,0.27147767746125057
deck put,0.27147767746125057,0.27147767746125057
put correct,0.27147767746125057,0.27147767746125057
correct folder,0.27147767746125057,0.27147767746125057
folder import,0.27147767746125057,0.27147767746125057
import doe,0.27147767746125057,0.27147767746125057
doe seem,0.27147767746125057,0.27147767746125057
work import,0.27147767746125057,0.27147767746125057
import start,0.27147767746125057,0.27147767746125057
start skip,0.27147767746125057,0.27147767746125057
skip ok,0.27147767746125057,0.27147767746125057
ok deck,0.27147767746125057,0.27147767746125057
deck visibl,0.27147767746125057,0.27147767746125057
work toshiba,0.27147767746125057,0.27147767746125057
toshiba excit,0.27147767746125057,0.27147767746125057
excit much,0.27147767746125057,0.27147767746125057
much love,0.27147767746125057,0.27147767746125057
love vlc,0.27147767746125057,0.27147767746125057
vlc pc,0.27147767746125057,0.27147767746125057
pc version,0.27147767746125057,0.27147767746125057
version work,0.27147767746125057,0.27147767746125057
work tablet,0.27147767746125057,0.27147767746125057
tablet ca,0.27147767746125057,0.27147767746125057
ca play,0.27147767746125057,0.27147767746125057
play music,0.27147767746125057,0.27147767746125057
music video,0.27147767746125057,0.27147767746125057
video whenev,0.27147767746125057,0.27147767746125057
tri freez,0.27147767746125057,0.27147767746125057
save png,0.27147767746125057,0.27147767746125057
png file,0.27147767746125057,0.27147767746125057
edit also,0.27147767746125057,0.27147767746125057
also fail,0.27147767746125057,0.27147767746125057
save file,0.27147767746125057,0.27147767746125057
edit file,0.27147767746125057,0.27147767746125057
name multipl,0.27147767746125057,0.27147767746125057
multipl copi,0.27147767746125057,0.27147767746125057
copi version,0.27147767746125057,0.27147767746125057
version origin,0.27147767746125057,0.27147767746125057
origin pic,0.27147767746125057,0.27147767746125057
pic uninstal,0.27147767746125057,0.27147767746125057
good easi,0.27147767746125057,0.27147767746125057
use ca,0.27147767746125057,0.27147767746125057
ca send,0.27147767746125057,0.27147767746125057
send sms,0.27147767746125057,0.27147767746125057
sms photo,0.27147767746125057,0.27147767746125057
photo without,0.27147767746125057,0.27147767746125057
without data,0.27147767746125057,0.27147767746125057
data heck,0.27147767746125057,0.27147767746125057
heck send,0.27147767746125057,0.27147767746125057
send button,0.27147767746125057,0.27147767746125057
button doe,0.27147767746125057,0.27147767746125057
work otherwis,0.27147767746125057,0.27147767746125057
otherwis like,0.27147767746125057,0.27147767746125057
like interfac,0.27147767746125057,0.27147767746125057
better googl,0.27147767746125057,0.27147767746125057
googl download,0.27147767746125057,0.27147767746125057
download trip,0.27147767746125057,0.27147767746125057
trip rome,0.27147767746125057,0.27147767746125057
rome coupl,0.27147767746125057,0.27147767746125057
coupl time,0.27147767746125057,0.27147767746125057
time tri,0.27147767746125057,0.27147767746125057
tri pick,0.27147767746125057,0.27147767746125057
pick signal,0.27147767746125057,0.27147767746125057
signal also,0.27147767746125057,0.27147767746125057
also download,0.27147767746125057,0.27147767746125057
download area,0.27147767746125057,0.27147767746125057
googl consist,0.27147767746125057,0.27147767746125057
consist benefit,0.27147767746125057,0.27147767746125057
benefit see,0.27147767746125057,0.27147767746125057
see app,0.27147767746125057,0.27147767746125057
app year,0.27147767746125057,0.27147767746125057
year ago,0.27147767746125057,0.27147767746125057
ago ipad,0.27147767746125057,0.27147767746125057
ipad sinc,0.27147767746125057,0.27147767746125057
sinc chang,0.27147767746125057,0.27147767746125057
chang host,0.27147767746125057,0.27147767746125057
host control,0.27147767746125057,0.27147767746125057
control idea,0.27147767746125057,0.27147767746125057
idea whi,0.27147767746125057,0.27147767746125057
wo recogn,0.27147767746125057,0.27147767746125057
recogn login,0.27147767746125057,0.27147767746125057
login 'm,0.27147767746125057,0.27147767746125057
'm extrem,0.27147767746125057,0.27147767746125057
ad card,0.262183199220271,0.3735212701220299
use work,0.25978883210410414,0.3016902566370242
log app,0.25639558426895886,0.25639558426895886
doe reflect,0.25639558426895886,0.25639558426895886
reflect site,0.25639558426895886,0.25639558426895886
site cant,0.25639558426895886,0.25639558426895886
cant post,0.25639558426895886,0.25639558426895886
post blog,0.25639558426895886,0.25639558426895886
blog ca,0.25639558426895886,0.25639558426895886
ca even,0.25639558426895886,0.25639558426895886
even see,0.25639558426895886,0.25639558426895886
see exist,0.25639558426895886,0.25639558426895886
exist page,0.25639558426895886,0.25639558426895886
page recent,0.25639558426895886,0.25639558426895886
recent app,0.25639558426895886,0.25639558426895886
work fine,0.25639558426895886,0.25639558426895886
fine year,0.25639558426895886,0.25639558426895886
delet post,0.25639558426895886,0.25639558426895886
post random,0.25639558426895886,0.25639558426895886
random terribl,0.25639558426895886,0.25639558426895886
terribl app,0.25639558426895886,0.25639558426895886
app delet,0.25639558426895886,0.25639558426895886
delet partial,0.25639558426895886,0.25639558426895886
partial whole,0.25639558426895886,0.25639558426895886
whole post,0.25639558426895886,0.25639558426895886
post even,0.25639558426895886,0.25639558426895886
even publish,0.25639558426895886,0.25639558426895886
publish one,0.25639558426895886,0.25639558426895886
one comment,0.25639558426895886,0.25639558426895886
comment seem,0.25639558426895886,0.25639558426895886
seem random,0.25639558426895886,0.25639558426895886
random way,0.25639558426895886,0.25639558426895886
way retriev,0.25639558426895886,0.25639558426895886
retriev extrem,0.25639558426895886,0.25639558426895886
contact 's,0.24946597388331135,0.24946597388331135
locat wrong,0.24946597388331135,0.24946597388331135
sd card,0.24512333351758214,0.24512333351758214
track movement,0.2429010798337505,0.2429010798337505
movement screen,0.2429010798337505,0.2429010798337505
screen turn,0.2429010798337505,0.2429010798337505
great use,0.2429010798337505,0.2429010798337505
app alway,0.2429010798337505,0.2429010798337505
alway difficulti,0.2429010798337505,0.2429010798337505
difficulti download,0.2429010798337505,0.2429010798337505
map stop,0.2429010798337505,0.2429010798337505
stop need,0.2429010798337505,0.2429010798337505
need manual,0.2429010798337505,0.2429010798337505
manual start,0.2429010798337505,0.2429010798337505
start mani,0.2429010798337505,0.2429010798337505
time small,0.2429010798337505,0.2429010798337505
small region,0.2429010798337505,0.2429010798337505
region updat,0.2429010798337505,0.2429010798337505
updat simpli,0.2429010798337505,0.2429010798337505
simpli doe,0.2429010798337505,0.2429010798337505
updat enjoy,0.2429010798337505,0.2429010798337505
enjoy app,0.2429010798337505,0.2429010798337505
app 3rd,0.2429010798337505,0.2429010798337505
3rd time,0.2429010798337505,0.2429010798337505
time bought,0.2429010798337505,0.2429010798337505
bought app,0.2429010798337505,0.2429010798337505
app googl,0.2429010798337505,0.2429010798337505
googl play,0.2429010798337505,0.2429010798337505
play develop,0.2429010798337505,0.2429010798337505
develop updat,0.2429010798337505,0.2429010798337505
updat product,0.2429010798337505,0.2429010798337505
product bewar,0.2429010798337505,0.2429010798337505
bewar buy,0.2429010798337505,0.2429010798337505
buy app,0.2429010798337505,0.2429010798337505
app want,0.2429010798337505,0.2429010798337505
want updat,0.2429010798337505,0.2429010798337505
updat regular,0.2429010798337505,0.2429010798337505
help abl,0.2429010798337505,0.2429010798337505
abl post,0.2429010798337505,0.2429010798337505
post onli,0.2429010798337505,0.2429010798337505
onli one,0.2429010798337505,0.2429010798337505
one articl,0.2429010798337505,0.2429010798337505
articl add,0.2429010798337505,0.2429010798337505
add ani,0.2429010798337505,0.2429010798337505
ani entri,0.2429010798337505,0.2429010798337505
entri click,0.2429010798337505,0.2429010798337505
click left,0.2429010798337505,0.2429010798337505
left part,0.2429010798337505,0.2429010798337505
part onli,0.2429010798337505,0.2429010798337505
onli option,0.2429010798337505,0.2429010798337505
avail reader,0.2429010798337505,0.2429010798337505
reader notif,0.2429010798337505,0.2429010798337505
notif get,0.2429010798337505,0.2429010798337505
back dashboard,0.2429010798337505,0.2429010798337505
's option,0.2417030079336159,0.3921973336281315
app doe,0.23901378677448762,0.27050063293639615
tri open,0.23877525006113975,0.29304235234776244
file name,0.2379138237082415,0.24512333351758214
far better,0.2366728470175005,0.2366728470175005
app updat,0.23394226918169242,0.2614648890854209
keep crash,0.23103578561427282,0.32683111135677617
app bug,0.230756025842063,0.230756025842063
work system,0.230756025842063,0.230756025842063
system background,0.230756025842063,0.230756025842063
background abl,0.230756025842063,0.230756025842063
abl get,0.230756025842063,0.230756025842063
get call,0.230756025842063,0.230756025842063
call open,0.230756025842063,0.230756025842063
open applic,0.230756025842063,0.230756025842063
applic alway,0.230756025842063,0.230756025842063
alway minim,0.230756025842063,0.230756025842063
minim pleas,0.230756025842063,0.230756025842063
fix feedback,0.230756025842063,0.230756025842063
area googl,0.23070431389890084,0.23070431389890084
whi app,0.23070431389890084,0.23070431389890084
download map,0.22462346602892924,0.5381376926202281
extrem frustrat,0.22429586073504248,0.23070431389890084
function red,0.2197676436591076,0.2197676436591076
red mark,0.2197676436591076,0.2197676436591076
mark line,0.2197676436591076,0.2197676436591076
line duplic,0.2197676436591076,0.2197676436591076
duplic card,0.2197676436591076,0.2197676436591076
card work,0.2197676436591076,0.2197676436591076
work correct,0.2197676436591076,0.2197676436591076
correct particular,0.2197676436591076,0.2197676436591076
particular old,0.2197676436591076,0.2197676436591076
old ad,0.2197676436591076,0.2197676436591076
card mayb,0.2197676436591076,0.2197676436591076
mayb card,0.2197676436591076,0.2197676436591076
card import,0.2197676436591076,0.2197676436591076
import sometim,0.2197676436591076,0.2197676436591076
sometim card,0.2197676436591076,0.2197676436591076
card refresh,0.2197676436591076,0.2197676436591076
refresh card,0.2197676436591076,0.2197676436591076
card browser,0.2197676436591076,0.2197676436591076
browser ad,0.2197676436591076,0.2197676436591076
app beg,0.2197676436591076,0.2197676436591076
beg effect,0.2197676436591076,0.2197676436591076
effect star,0.2197676436591076,0.2197676436591076
star worth,0.2197676436591076,0.2197676436591076
worth open,0.2197676436591076,0.2197676436591076
open day,0.2197676436591076,0.2197676436591076
day 's,0.2197676436591076,0.2197676436591076
's old,0.2197676436591076,0.2197676436591076
old tweet,0.2197676436591076,0.2197676436591076
tweet appear,0.2197676436591076,0.2197676436591076
appear make,0.2197676436591076,0.2197676436591076
make scroll,0.2197676436591076,0.2197676436591076
scroll endless,0.2197676436591076,0.2197676436591076
endless favorit,0.2197676436591076,0.2197676436591076
favorit user,0.2197676436591076,0.2197676436591076
user featur,0.2197676436591076,0.2197676436591076
featur veri,0.2197676436591076,0.2197676436591076
veri use,0.2197676436591076,0.2197676436591076
use without,0.2197676436591076,0.2197676436591076
without tweet,0.2197676436591076,0.2197676436591076
tweet list,0.2197676436591076,0.2197676436591076
yet abl,0.2197676436591076,0.2197676436591076
abl connect,0.2197676436591076,0.2197676436591076
connect site,0.2197676436591076,0.2197676436591076
even connect,0.2197676436591076,0.2197676436591076
connect onc,0.2197676436591076,0.2197676436591076
onc revert,0.2197676436591076,0.2197676436591076
revert back,0.2197676436591076,0.2197676436591076
back veri,0.2197676436591076,0.2197676436591076
veri next,0.2197676436591076,0.2197676436591076
next time,0.2197676436591076,0.2197676436591076
time open,0.2197676436591076,0.2197676436591076
wo let,0.2197676436591076,0.2197676436591076
let log,0.2197676436591076,0.2197676436591076
log continu,0.2197676436591076,0.2197676436591076
continu connect,0.2197676436591076,0.2197676436591076
connect error,0.2197676436591076,0.2197676436591076
error whenev,0.2197676436591076,0.2197676436591076
app great,0.21010571444364184,0.28014095259152244
need find,0.20977820531096636,0.20977820531096636
find someth,0.20977820531096636,0.20977820531096636
someth use,0.20977820531096636,0.20977820531096636
use den,0.20977820531096636,0.20977820531096636
den haag,0.20977820531096636,0.20977820531096636
haag download,0.20977820531096636,0.20977820531096636
download 57mb,0.20977820531096636,0.20977820531096636
57mb map,0.20977820531096636,0.20977820531096636
map see,0.20977820531096636,0.20977820531096636
see onli,0.20977820531096636,0.20977820531096636
onli black,0.20977820531096636,0.20977820531096636
screen reinstal,0.20977820531096636,0.20977820531096636
reinstal everyth,0.20977820531096636,0.20977820531096636
everyth saw,0.20977820531096636,0.20977820531096636
saw black,0.20977820531096636,0.20977820531096636
screen useless,0.20977820531096636,0.20977820531096636
useless lose,0.20977820531096636,0.20977820531096636
lose 250,0.20977820531096636,0.20977820531096636
250 mb,0.20977820531096636,0.20977820531096636
mb traffic,0.20977820531096636,0.20977820531096636
like app,0.20977820531096636,0.20977820531096636
app get,0.20977820531096636,0.20977820531096636
work phone,0.20977820531096636,0.20977820531096636
phone tts,0.20977820531096636,0.20977820531096636
tts set,0.20977820531096636,0.20977820531096636
set enabl,0.20977820531096636,0.20977820531096636
enabl know,0.20977820531096636,0.20977820531096636
know problem,0.20977820531096636,0.20977820531096636
problem could,0.20977820531096636,0.20977820531096636
could ca,0.20977820531096636,0.20977820531096636
work 's,0.20977820531096636,0.20977820531096636
's pointless,0.20977820531096636,0.20977820531096636
pointless tri,0.20977820531096636,0.20977820531096636
tri use,0.20977820531096636,0.20977820531096636
app wo,0.2087324744799579,0.23070431389890084
option avail,0.20641964927796388,0.20641964927796388
app first,0.1983526744785952,0.2614648890854209
's good,0.1879812928065118,0.23070431389890084
site even,0.18676063506101495,0.18676063506101495
easi use,0.18538739509733104,0.23070431389890084
recent updat,0.1846383551171398,0.28014095259152244
app remind,0.1846048206736504,0.1846048206736504
work cubot,0.1846048206736504,0.1846048206736504
cubot r9,0.1846048206736504,0.1846048206736504
r9 tri,0.1846048206736504,0.1846048206736504
tri reinstal,0.1846048206736504,0.1846048206736504
reinstal differ,0.1846048206736504,0.1846048206736504
differ pleas,0.1846048206736504,0.1846048206736504
fix soon,0.1846048206736504,0.1846048206736504
soon check,0.1846048206736504,0.1846048206736504
check set,0.1846048206736504,0.1846048206736504
set ran,0.1846048206736504,0.1846048206736504
ran test,0.1846048206736504,0.1846048206736504
test remind,0.1846048206736504,0.1846048206736504
set event,0.1846048206736504,0.1846048206736504
event day,0.1846048206736504,0.1846048206736504
day ahead,0.1846048206736504,0.1846048206736504
ahead devic,0.1846048206736504,0.1846048206736504
devic run,0.1846048206736504,0.1846048206736504
run android,0.1846048206736504,0.1846048206736504
wast time,0.1846048206736504,0.1846048206736504
time andriod,0.1846048206736504,0.1846048206736504
andriod user,0.1846048206736504,0.1846048206736504
user doe,0.1846048206736504,0.1846048206736504
allow login,0.1846048206736504,0.1846048206736504
login site,0.1846048206736504,0.1846048206736504
site wors,0.1846048206736504,0.1846048206736504
wors forum,0.1846048206736504,0.1846048206736504
forum moder,0.1846048206736504,0.1846048206736504
moder interest,0.1846048206736504,0.1846048206736504
interest solv,0.1846048206736504,0.1846048206736504
solv problem,0.1846048206736504,0.1846048206736504
problem mere,0.1846048206736504,0.1846048206736504
mere cut,0.1846048206736504,0.1846048206736504
cut ani,0.1846048206736504,0.1846048206736504
ani comment,0.1846048206736504,0.1846048206736504
comment problem,0.1846048206736504,0.1846048206736504
problem work,0.1846048206736504,0.1846048206736504
work around,0.1846048206736504,0.1846048206736504
around delet,0.1846048206736504,0.1846048206736504
delet app,0.1846048206736504,0.1846048206736504
app access,0.1846048206736504,0.1846048206736504
access wordpress,0.1846048206736504,0.1846048206736504
wordpress browser,0.1846048206736504,0.1846048206736504
work proper,0.1846048206736504,0.1846048206736504
proper whenev,0.1846048206736504,0.1846048206736504
tri login,0.1846048206736504,0.1846048206736504
login open,0.1846048206736504,0.1846048206736504
open websit,0.1846048206736504,0.1846048206736504
websit show,0.1846048206736504,0.1846048206736504
show ca,0.1846048206736504,0.1846048206736504
log wherea,0.1846048206736504,0.1846048206736504
wherea put,0.1846048206736504,0.1846048206736504
put inform,0.1846048206736504,0.1846048206736504
inform correct,0.1846048206736504,0.1846048206736504
correct updat,0.1846048206736504,0.1846048206736504
updat instant,0.1846048206736504,0.1846048206736504
instant option,0.1846048206736504,0.1846048206736504
option given,0.1846048206736504,0.1846048206736504
given veri,0.1846048206736504,0.1846048206736504
veri slow,0.1846048206736504,0.1846048206736504
slow use,0.1846048206736504,0.1846048206736504
app much,0.1846048206736504,0.1846048206736504
much tool,0.1846048206736504,0.1846048206736504
tool make,0.1846048206736504,0.1846048206736504
make conveni,0.1846048206736504,0.1846048206736504
happen love,0.17750463526312538,0.17750463526312538
app perfect,0.17750463526312538,0.17750463526312538
perfect new,0.17750463526312538,0.17750463526312538
updat mess,0.17750463526312538,0.17750463526312538
mess spent,0.17750463526312538,0.17750463526312538
spent 20,0.17750463526312538,0.17750463526312538
20 minut,0.17750463526312538,0.17750463526312538
minut put,0.17750463526312538,0.17750463526312538
deck wont,0.17750463526312538,0.17750463526312538
show found,0.17750463526312538,0.17750463526312538
found ad,0.17750463526312538,0.17750463526312538
card onli,0.17750463526312538,0.17750463526312538
onli card,0.17750463526312538,0.17750463526312538
deck wtf,0.17750463526312538,0.17750463526312538
wtf frustrat,0.17750463526312538,0.17750463526312538
frustrat star,0.17750463526312538,0.17750463526312538
star cuz,0.17750463526312538,0.17750463526312538
cuz use,0.17750463526312538,0.17750463526312538
use good,0.17750463526312538,0.17750463526312538
whenev tri,0.1716555090279106,0.20685342518665586
today 's,0.17093038951263922,0.17093038951263922
's updat,0.17093038951263922,0.17093038951263922
updat destroy,0.17093038951263922,0.17093038951263922
destroy longer,0.17093038951263922,0.17093038951263922
longer open,0.17093038951263922,0.17093038951263922
open jpg,0.17093038951263922,0.17093038951263922
jpg attach,0.17093038951263922,0.17093038951263922
attach tri,0.17093038951263922,0.17093038951263922
app close,0.17093038951263922,0.17093038951263922
close immedi,0.17093038951263922,0.17093038951263922
immedi happili,0.17093038951263922,0.17093038951263922
happili chang,0.17093038951263922,0.17093038951263922
chang review,0.17093038951263922,0.17093038951263922
review problem,0.17093038951263922,0.17093038951263922
problem solv,0.17093038951263922,0.17093038951263922
solv cours,0.17093038951263922,0.17093038951263922
cours less,0.17093038951263922,0.17093038951263922
less serious,0.17093038951263922,0.17093038951263922
serious still,0.17093038951263922,0.17093038951263922
still signific,0.17093038951263922,0.17093038951263922
signific weak,0.17093038951263922,0.17093038951263922
weak ca,0.17093038951263922,0.17093038951263922
ca zoom,0.17093038951263922,0.17093038951263922
zoom gif,0.17093038951263922,0.17093038951263922
gif imag,0.17093038951263922,0.17093038951263922
app quick,0.17093038951263922,0.17093038951263922
quick post,0.17093038951263922,0.17093038951263922
go app,0.17093038951263922,0.17093038951263922
app two,0.17093038951263922,0.17093038951263922
two devic,0.17093038951263922,0.17093038951263922
devic phone,0.17093038951263922,0.17093038951263922
phone tablet,0.17093038951263922,0.17093038951263922
tablet sync,0.17093038951263922,0.17093038951263922
sync anoth,0.17093038951263922,0.17093038951263922
anoth lost,0.17093038951263922,0.17093038951263922
lost half,0.17093038951263922,0.17093038951263922
half draft,0.17093038951263922,0.17093038951263922
draft post,0.17093038951263922,0.17093038951263922
post yesterday,0.17093038951263922,0.17093038951263922
yesterday tablet,0.17093038951263922,0.17093038951263922
tablet come,0.17093038951263922,0.17093038951263922
come phone,0.17093038951263922,0.17093038951263922
phone onli,0.17093038951263922,0.17093038951263922
onli half,0.17093038951263922,0.17093038951263922
half post,0.17093038951263922,0.17093038951263922
post day,0.17093038951263922,0.17093038951263922
day ago,0.17093038951263922,0.17093038951263922
ago disappoint,0.17093038951263922,0.17093038951263922
disappoint write,0.17093038951263922,0.17093038951263922
realli love,0.17093038951263922,0.17093038951263922
love use,0.17093038951263922,0.17093038951263922
wordpress app,0.17093038951263922,0.17093038951263922
app stress,0.17093038951263922,0.17093038951263922
stress bit,0.17093038951263922,0.17093038951263922
bit photo,0.17093038951263922,0.17093038951263922
photo upload,0.17093038951263922,0.17093038951263922
upload show,0.17093038951263922,0.17093038951263922
show solid,0.17093038951263922,0.17093038951263922
solid colour,0.17093038951263922,0.17093038951263922
colour ca,0.17093038951263922,0.17093038951263922
ca use,0.17093038951263922,0.17093038951263922
use pleas,0.17093038951263922,0.17093038951263922
fix becaus,0.17093038951263922,0.17093038951263922
want stop,0.17093038951263922,0.17093038951263922
app wordpress,0.17093038951263922,0.17093038951263922
site 's,0.17093038951263922,0.17093038951263922
's improv,0.17093038951263922,0.17093038951263922
improv take,0.17093038951263922,0.17093038951263922
take care,0.17093038951263922,0.17093038951263922
care guy,0.17093038951263922,0.17093038951263922
great super,0.16482573274433068,0.16482573274433068
super easi,0.16482573274433068,0.16482573274433068
easi creat,0.16482573274433068,0.16482573274433068
creat updat,0.16482573274433068,0.16482573274433068
updat blog,0.16482573274433068,0.16482573274433068
post easi,0.16482573274433068,0.16482573274433068
use interfac,0.16482573274433068,0.16482573274433068
interfac clean,0.16482573274433068,0.16482573274433068
clean simpl,0.16482573274433068,0.16482573274433068
simpl like,0.16482573274433068,0.16482573274433068
like websit,0.16482573274433068,0.16482573274433068
websit doe,0.16482573274433068,0.16482573274433068
doe let,0.16482573274433068,0.16482573274433068
let make,0.16482573274433068,0.16482573274433068
make link,0.16482573274433068,0.16482573274433068
link open,0.16482573274433068,0.16482573274433068
open new,0.16482573274433068,0.16482573274433068
new doe,0.16482573274433068,0.16482573274433068
allow view,0.16482573274433068,0.16482573274433068
view blog,0.16482573274433068,0.16482573274433068
post devic,0.16482573274433068,0.16482573274433068
devic 's,0.16482573274433068,0.16482573274433068
's browser,0.16482573274433068,0.16482573274433068
crash read,0.15914208678762964,0.15914208678762964
read locat,0.15914208678762964,0.15914208678762964
locat tri,0.15914208678762964,0.15914208678762964
tri mani,0.15914208678762964,0.15914208678762964
time instal,0.15914208678762964,0.15914208678762964
instal app,0.15914208678762964,0.15914208678762964
time would,0.15914208678762964,0.15914208678762964
would recognis,0.15914208678762964,0.15914208678762964
recognis chromebook,0.15914208678762964,0.15914208678762964
chromebook locat,0.15914208678762964,0.15914208678762964
locat second,0.15914208678762964,0.15914208678762964
second time,0.15914208678762964,0.15914208678762964
time keep,0.15914208678762964,0.15914208678762964
keep close,0.15914208678762964,0.15914208678762964
close also,0.15914208678762964,0.15914208678762964
also tri,0.15914208678762964,0.15914208678762964
tri go,0.15914208678762964,0.15914208678762964
go websit,0.15914208678762964,0.15914208678762964
websit webpag,0.15914208678762964,0.15914208678762964
webpag would,0.15914208678762964,0.15914208678762964
would open,0.15914208678762964,0.15914208678762964
open neither,0.15914208678762964,0.15914208678762964
neither would,0.15914208678762964,0.15914208678762964
would email,0.15914208678762964,0.15914208678762964
email address,0.15914208678762964,0.15914208678762964
ca log,0.15687893345125256,0.15687893345125256
atroci everi,0.15383735056137532,0.15383735056137532
everi bloodi,0.15383735056137532,0.15383735056137532
bloodi app,0.15383735056137532,0.15383735056137532
updat download,0.15383735056137532,0.15383735056137532
map everytim,0.15383735056137532,0.15383735056137532
everytim near,0.15383735056137532,0.15383735056137532
near 1gb,0.15383735056137532,0.15383735056137532
1gb bloodi,0.15383735056137532,0.15383735056137532
bloodi retard,0.15383735056137532,0.15383735056137532
retard know,0.15383735056137532,0.15383735056137532
know jack,0.15383735056137532,0.15383735056137532
jack streamlin,0.15383735056137532,0.15383735056137532
streamlin piss,0.15383735056137532,0.15383735056137532
piss peopl,0.15383735056137532,0.15383735056137532
peopl everi,0.15383735056137532,0.15383735056137532
everi app,0.15383735056137532,0.15383735056137532
updat 1gb,0.15383735056137532,0.15383735056137532
1gb map,0.15383735056137532,0.15383735056137532
download alway,0.15383735056137532,0.15383735056137532
alway review,0.15383735056137532,0.15383735056137532
review want,0.15383735056137532,0.15383735056137532
want frikkin,0.15383735056137532,0.15383735056137532
frikkin repli,0.15383735056137532,0.15383735056137532
repli everyon,0.15383735056137532,0.15383735056137532
everyon uninstal,0.15383735056137532,0.15383735056137532
uninstal immedi,0.15383735056137532,0.15383735056137532
good app,0.15378007187511064,0.2306304396943835
work fix,0.15349153407848598,0.20641964927796388
new updat,0.1508451283185121,0.1508451283185121
wont show,0.1508451283185121,0.1508451283185121
app use,0.1497224008005673,0.25047355036726326
doe work,0.14931880318354823,0.201668646258086
seem work,0.14858921912132597,0.23070431389890084
doe allow,0.1484747048735069,0.15687893345125256
get back,0.1477777034603605,0.20641964927796388
post go,0.14525827171412276,0.14525827171412276
use wordpress,0.14525827171412276,0.14525827171412276
becaus want,0.14525827171412276,0.14525827171412276
wordpress site,0.14525827171412276,0.14525827171412276
lost content,0.14422251615128936,0.14422251615128936
content use,0.14422251615128936,0.14422251615128936
use phone,0.14422251615128936,0.14422251615128936
app month,0.14422251615128936,0.14422251615128936
month becaus,0.14422251615128936,0.14422251615128936
becaus find,0.14422251615128936,0.14422251615128936
find easier,0.14422251615128936,0.14422251615128936
easier prepar,0.14422251615128936,0.14422251615128936
prepar upload,0.14422251615128936,0.14422251615128936
upload blog,0.14422251615128936,0.14422251615128936
entri go,0.14422251615128936,0.14422251615128936
go reason,0.14422251615128936,0.14422251615128936
reason updat,0.14422251615128936,0.14422251615128936
updat keep,0.14422251615128936,0.14422251615128936
keep lose,0.14422251615128936,0.14422251615128936
lose everyth,0.14422251615128936,0.14422251615128936
everyth written,0.14422251615128936,0.14422251615128936
written hate,0.14422251615128936,0.14422251615128936
hate much,0.14422251615128936,0.14422251615128936
much hope,0.14422251615128936,0.14422251615128936
hope fix,0.14422251615128936,0.14422251615128936
fix post,0.14422251615128936,0.14422251615128936
post ani,0.14422251615128936,0.14422251615128936
ani blog,0.14422251615128936,0.14422251615128936
entri coupl,0.14422251615128936,0.14422251615128936
coupl day,0.14422251615128936,0.14422251615128936
day becausr,0.14422251615128936,0.14422251615128936
becausr keep,0.14422251615128936,0.14422251615128936
keep happen,0.14422251615128936,0.14422251615128936
get stuck,0.14297168748664277,0.23070431389890084
pleas fix,0.13672683597684315,0.16144130778606847
updat answer,0.13573883873062528,0.13573883873062528
answer one,0.13573883873062528,0.13573883873062528
one forc,0.13573883873062528,0.13573883873062528
forc updat,0.13573883873062528,0.13573883873062528
updat overal,0.13573883873062528,0.13573883873062528
overal good,0.13573883873062528,0.13573883873062528
app new,0.13573883873062528,0.13573883873062528
bad broken,0.13573883873062528,0.13573883873062528
broken unabl,0.13573883873062528,0.13573883873062528
unabl select,0.13573883873062528,0.13573883873062528
select updat,0.13573883873062528,0.13573883873062528
updat see,0.13573883873062528,0.13573883873062528
see set,0.13573883873062528,0.13573883873062528
set old,0.13573883873062528,0.13573883873062528
old map,0.13573883873062528,0.13573883873062528
updat updat,0.13573883873062528,0.13573883873062528
updat open,0.13573883873062528,0.13573883873062528
app download,0.13573883873062528,0.13573883873062528
download start,0.13573883873062528,0.13573883873062528
start app,0.13573883873062528,0.13573883873062528
app becom,0.13573883873062528,0.13573883873062528
becom kinda,0.13573883873062528,0.13573883873062528
kinda useless,0.13573883873062528,0.13573883873062528
useless also,0.13573883873062528,0.13573883873062528
also obvious,0.13573883873062528,0.13573883873062528
obvious see,0.13573883873062528,0.13573883873062528
see map,0.13573883873062528,0.13573883873062528
map alreadi,0.13573883873062528,0.13573883873062528
alreadi download,0.13573883873062528,0.13573883873062528
first time,0.13524045987176947,0.13524045987176947
open app,0.13370684361712412,0.16745277277014997
bug export,0.13186058619546456,0.13186058619546456
export deck,0.13186058619546456,0.13186058619546456
deck reset,0.13186058619546456,0.13186058619546456
reset deck,0.13186058619546456,0.13186058619546456
deck 's,0.13186058619546456,0.13186058619546456
's local,0.13186058619546456,0.13186058619546456
local set,0.13186058619546456,0.13186058619546456
set new,0.13186058619546456,0.13186058619546456
new card,0.13186058619546456,0.13186058619546456
card order,0.13186058619546456,0.13186058619546456
order ad,0.13186058619546456,0.13186058619546456
ad set,0.13186058619546456,0.13186058619546456
set make,0.13186058619546456,0.13186058619546456
make user,0.13186058619546456,0.13186058619546456
user first,0.13186058619546456,0.13186058619546456
first learn,0.13186058619546456,0.13186058619546456
learn word,0.13186058619546456,0.13186058619546456
word last,0.13186058619546456,0.13186058619546456
last one,0.13186058619546456,0.13186058619546456
one ad,0.13186058619546456,0.13186058619546456
ad deck,0.13186058619546456,0.13186058619546456
deck instead,0.13186058619546456,0.13186058619546456
instead oldest,0.13186058619546456,0.13186058619546456
oldest one,0.13186058619546456,0.13186058619546456
one suppos,0.13186058619546456,0.13186058619546456
suppos easier,0.13186058619546456,0.13186058619546456
easier start,0.13186058619546456,0.13186058619546456
start creat,0.13186058619546456,0.13186058619546456
creat new,0.13186058619546456,0.13186058619546456
new deck,0.13186058619546456,0.13186058619546456
deck switch,0.13186058619546456,0.13186058619546456
switch direct,0.13186058619546456,0.13186058619546456
direct learn,0.13186058619546456,0.13186058619546456
learn front,0.13186058619546456,0.13186058619546456
front cover,0.13186058619546456,0.13186058619546456
map download,0.13073244454271046,0.13073244454271046
regular twitter,0.13000339484059886,0.13000339484059886
twitter app,0.13000339484059886,0.13000339484059886
's worth,0.13000339484059886,0.13000339484059886
put card,0.12570427359876007,0.1508451283185121
love everyth,0.12473298694165567,0.12473298694165567
everyth app,0.12473298694165567,0.12473298694165567
app except,0.12473298694165567,0.12473298694165567
except veri,0.12473298694165567,0.12473298694165567
veri touch,0.12473298694165567,0.12473298694165567
touch sensit,0.12473298694165567,0.12473298694165567
sensit touch,0.12473298694165567,0.12473298694165567
touch contact,0.12473298694165567,0.12473298694165567
's name,0.12473298694165567,0.12473298694165567
name open,0.12473298694165567,0.12473298694165567
open text,0.12473298694165567,0.12473298694165567
text four,0.12473298694165567,0.12473298694165567
four five,0.12473298694165567,0.12473298694165567
five time,0.12473298694165567,0.12473298694165567
time delet,0.12473298694165567,0.12473298694165567
delet luckili,0.12473298694165567,0.12473298694165567
luckili say,0.12473298694165567,0.12473298694165567
say undo,0.12473298694165567,0.12473298694165567
undo bottom,0.12473298694165567,0.12473298694165567
bottom hit,0.12473298694165567,0.12473298694165567
hit quick,0.12473298694165567,0.12473298694165567
quick befor,0.12473298694165567,0.12473298694165567
befor goe,0.12473298694165567,0.12473298694165567
goe away,0.12473298694165567,0.12473298694165567
away know,0.12473298694165567,0.12473298694165567
know also,0.12473298694165567,0.12473298694165567
also anoth,0.12473298694165567,0.12473298694165567
anoth way,0.12473298694165567,0.12473298694165567
way return,0.12473298694165567,0.12473298694165567
return contact,0.12473298694165567,0.12473298694165567
's kind,0.12473298694165567,0.12473298694165567
kind pain,0.12473298694165567,0.12473298694165567
pain butt,0.12473298694165567,0.12473298694165567
butt love,0.12473298694165567,0.12473298694165567
get locat,0.12473298694165567,0.12473298694165567
wrong persisten,0.12473298694165567,0.12473298694165567
persisten show,0.12473298694165567,0.12473298694165567
show apart,0.12473298694165567,0.12473298694165567
apart block,0.12473298694165567,0.12473298694165567
block locat,0.12473298694165567,0.12473298694165567
wrong side,0.12473298694165567,0.12473298694165567
side road,0.12473298694165567,0.12473298694165567
road also,0.12473298694165567,0.12473298694165567
also back,0.12473298694165567,0.12473298694165567
back uk,0.12473298694165567,0.12473298694165567
uk found,0.12473298694165567,0.12473298694165567
found map,0.12473298694165567,0.12473298694165567
updat ask,0.12473298694165567,0.12473298694165567
ask unrespons,0.12473298694165567,0.12473298694165567
unrespons gps,0.12473298694165567,0.12473298694165567
gps without,0.12473298694165567,0.12473298694165567
without practic,0.12473298694165567,0.12473298694165567
practic useless,0.12473298694165567,0.12473298694165567
useless alway,0.12473298694165567,0.12473298694165567
alway show,0.12473298694165567,0.12473298694165567
show london,0.12473298694165567,0.12473298694165567
london locat,0.12473298694165567,0.12473298694165567
locat even,0.12473298694165567,0.12473298694165567
even alreadi,0.12473298694165567,0.12473298694165567
alreadi dorset,0.12473298694165567,0.12473298694165567
dorset anyth,0.12473298694165567,0.12473298694165567
anyth need,0.12473298694165567,0.12473298694165567
need know,0.12473298694165567,0.12473298694165567
know make,0.12473298694165567,0.12473298694165567
make app,0.12473298694165567,0.12473298694165567
work galaxi,0.12473298694165567,0.12473298694165567
galaxi s3,0.12473298694165567,0.12473298694165567
use love,0.12300734554700485,0.15687893345125256
start use,0.12145053991687525,0.12145053991687525
app map,0.12145053991687525,0.12145053991687525
map great,0.12145053991687525,0.12145053991687525
great unabl,0.12145053991687525,0.12145053991687525
unabl download,0.12145053991687525,0.12145053991687525
download ani,0.12145053991687525,0.12145053991687525
ani guid,0.12145053991687525,0.12145053991687525
guid mayb,0.12145053991687525,0.12145053991687525
mayb server,0.12145053991687525,0.12145053991687525
server turn,0.12145053991687525,0.12145053991687525
turn turn,0.12145053991687525,0.12145053991687525
turn direct,0.12145053991687525,0.12145053991687525
direct great,0.12145053991687525,0.12145053991687525
app stop,0.12145053991687525,0.12145053991687525
stop track,0.12145053991687525,0.12145053991687525
turn save,0.12145053991687525,0.12145053991687525
save batteri,0.12145053991687525,0.12145053991687525
batteri would,0.12145053991687525,0.12145053991687525
great continu,0.12145053991687525,0.12145053991687525
continu track,0.12145053991687525,0.12145053991687525
screen also,0.12145053991687525,0.12145053991687525
also screen,0.12145053991687525,0.12145053991687525
turn back,0.12145053991687525,0.12145053991687525
back short,0.12145053991687525,0.12145053991687525
short approach,0.12145053991687525,0.12145053991687525
approach turn,0.12145053991687525,0.12145053991687525
turn mayb,0.12145053991687525,0.12145053991687525
mayb next,0.12145053991687525,0.12145053991687525
stop use,0.12045807898244326,0.14525827171412276
becaus download,0.11833642350875025,0.11833642350875025
map put,0.11833642350875025,0.11833642350875025
card stay,0.11833642350875025,0.11833642350875025
stay soon,0.11833642350875025,0.11833642350875025
soon close,0.11833642350875025,0.11833642350875025
app open,0.11833642350875025,0.11833642350875025
open automat,0.11833642350875025,0.11833642350875025
automat optim,0.11833642350875025,0.11833642350875025
